run_id,sqc_version,commit_sha,variant,scanned_at,hostname,cpu_model,cpu_cores,project,tool,codebase_commit,c_files,loc,violation_count,duration_s
sqc-0.4.336-3d6fbbe9,0.4.336,3d6fbbe9,,2026-09-07T20:55:53.094878+00:00,brandons-mini.home.dondo.world,,,curl,sqc,3e198f75861cc2e12daf299689e145949dddd19b,222,186220,18395,35.0
sqc-0.4.336-3d6fbbe9,0.4.336,3d6fbbe9,,2026-09-07T20:55:53.094878+00:00,brandons-mini.home.dondo.world,,,hostap,sqc,dcee60436390dd34731560657c4257c3b4c839a6,430,589724,64709,204.1
sqc-0.4.336-3d6fbbe9,0.4.336,3d6fbbe9,,2026-09-07T20:55:53.094878+00:00,brandons-mini.home.dondo.world,,,libcrc,sqc,7719e2112a9a960b1bba130d02bebdf58e8701f1,9,1034,350,0.2
sqc-0.4.336-3d6fbbe9,0.4.336,3d6fbbe9,,2026-09-07T20:55:53.094878+00:00,brandons-mini.home.dondo.world,,,lua,sqc,40b76de2d77e66b70a9d4bf989c3f5340919973f,33,31470,4176,5.8
sqc-0.4.336-3d6fbbe9,0.4.336,3d6fbbe9,,2026-09-07T20:55:53.094878+00:00,brandons-mini.home.dondo.world,,,mosquitto,sqc,d3ee5c5ca62c0fa4983308c6fff558ee978e878c,120,39368,3565,10.8
sqc-0.4.336-3d6fbbe9,0.4.336,3d6fbbe9,,2026-09-07T20:55:53.094878+00:00,brandons-mini.home.dondo.world,,,pureftpd,sqc,cc28bff52ca28e1d122a2142bf37f2dc578f4d3e,53,33301,5226,5.3
sqc-0.4.336-3d6fbbe9,0.4.336,3d6fbbe9,,2026-09-07T20:55:53.094878+00:00,brandons-mini.home.dondo.world,,,raylib,sqc,962bbfc6bfbd7a5acd08e21314fcfa161003a589,17,56107,9612,98.1
sqc-0.4.336-3d6fbbe9,0.4.336,3d6fbbe9,,2026-09-07T20:55:53.094878+00:00,brandons-mini.home.dondo.world,,,sel4,sqc,1326364bc9135d9445d936ebc01e38a402c1f4c6,183,49957,5519,4.6
sqc-0.4.336-3d6fbbe9,0.4.336,3d6fbbe9,,2026-09-07T20:55:53.094878+00:00,brandons-mini.home.dondo.world,,,sqlite,sqc,b1a73ba34d05b32007315e4065c6468cc638e3af,81,181604,29664,130.6
